date,rate
1791-01-01,4.542334254143646
1791-02-01,4.542334254143646
1791-03-01,4.497801565377532
1791-04-01,4.542334254143646
1791-05-01,4.442135704419889
1791-06-01,4.564600598526703
1791-07-01,4.582413674033148
1791-08-01,4.564600598526703
1791-09-01,4.609133287292818
1791-10-01,4.542334254143646
1791-11-01,4.586866942909761
1791-12-01,4.497801565377532
1792-01-01,4.453268876611419
1792-02-01,4.542334254143646
1792-03-01,4.453268876611419
1792-04-01,4.408736187845304
1792-05-01,4.408736187845304
1792-06-01,4.453268876611419
1792-07-01,4.453268876611419
1792-08-01,4.497801565377532
1792-09-01,4.542334254143646
1792-10-01,4.542334254143646
1792-11-01,4.542334254143646
1792-12-01,4.275138121546961
1793-01-01,4.275138121546961
1793-02-01,4.341937154696132
1793-03-01,4.453268876611419
1793-04-01,4.453268876611419
1793-05-01,4.453268876611419
1793-06-01,4.453268876611419
1793-07-01,4.542334254143646
1793-08-01,4.586866942909761
1793-09-01,4.675932320441989
1793-10-01,4.542334254143646
1793-11-01,4.631399631675875
1793-12-01,4.675932320441989
1794-01-01,4.675932320441989
1794-02-01,4.720465009208103
1794-03-01,4.653665976058932
1794-04-01,4.653665976058932
1794-05-01,4.720465009208103
1794-06-01,4.675932320441989
1794-07-01,4.809530386740331
1794-08-01,4.809530386740331
1794-09-01,4.809530386740331
1794-10-01,4.809530386740331
1794-11-01,4.809530386740331
1794-12-01,4.809530386740331
1795-01-01,4.720465009208103
1795-02-01,4.586866942909761
1795-03-01,4.453268876611419
1795-04-01,4.453268876611419
1795-05-01,4.542334254143646
1795-06-01,4.675932320441989
1795-07-01,4.586866942909761
1795-08-01,4.453268876611419
1795-09-01,4.542334254143646
1795-10-01,4.497801565377532
1795-11-01,4.453268876611419
1795-12-01,4.319670810313076
1796-01-01,3.9634093001841624
1796-02-01,4.007941988950276
1796-03-01,4.230605432780847
1796-04-01,4.275138121546961
1796-05-01,4.275138121546961
1796-06-01,4.319670810313076
1796-07-01,4.341937154696132
1796-08-01,4.364203499079189
1796-09-01,4.364203499079189
1796-10-01,4.364203499079189
1796-11-01,4.453268876611419
1796-12-01,4.453268876611419
1797-01-01,4.453268876611419
1797-02-01,4.453268876611419
1797-03-01,4.453268876611419
1797-04-01,4.453268876611419
1797-05-01,4.453268876611419
1797-06-01,4.364203499079189
1797-07-01,4.453268876611419
1797-08-01,4.453268876611419
1797-09-01,4.319670810313076
1797-10-01,4.453268876611419
1797-11-01,4.453268876611419
1797-12-01,4.453268876611419
1798-01-01,4.453268876611419
1798-02-01,4.453268876611419
1798-03-01,4.453268876611419
1798-04-01,4.453268876611419
1798-05-01,4.453268876611419
1798-06-01,4.453268876611419
1798-07-01,4.364203499079189
1798-08-01,4.275138121546961
1798-09-01,4.453268876611419
1798-10-01,4.275138121546961
1798-11-01,4.275138121546961
1798-12-01,4.275138121546961
1799-01-01,4.275138121546961
1799-02-01,4.453268876611419
1799-03-01,4.453268876611419
1799-04-01,4.007941988950276
1799-05-01,4.007941988950276
1799-06-01,4.007941988950276
1799-07-01,4.007941988950276
1799-08-01,4.007941988950276
1799-09-01,4.007941988950276
1799-10-01,4.007941988950276
1799-11-01,4.007941988950276
1799-12-01,4.319670810313076
1800-01-01,4.364203499079189
1800-02-01,4.453268876611419
1800-03-01,4.542334254143646
1800-04-01,4.542334254143646
1800-05-01,4.586866942909761
1800-06-01,4.586866942909761
1800-07-01,4.586866942909761
1800-08-01,4.586866942909761
1800-09-01,4.542334254143646
1800-10-01,4.453268876611419
1800-11-01,4.631399631675875
1800-12-01,4.675932320441989
1801-01-01,4.542334254143646
1801-02-01,4.275138121546961
1801-03-01,4.275138121546961
1801-04-01,4.275138121546961
1801-05-01,4.453268876611419
1801-06-01,4.275138121546961
1801-07-01,4.319670810313076
1801-08-01,4.319670810313076
1801-09-01,4.453268876611419
1801-10-01,4.453268876611419
1801-11-01,4.453268876611419
1801-12-01,4.453268876611419
1802-01-01,4.408736187845304
1802-02-01,4.408736187845304
1802-03-01,4.408736187845304
1802-04-01,4.408736187845304
1802-05-01,4.408736187845304
1802-06-01,4.542334254143646
1802-07-01,4.609133287292818
1802-08-01,4.542334254143646
1802-09-01,4.52006790976059
1802-10-01,4.453268876611419
1802-11-01,4.542334254143646
1802-12-01,4.542334254143646
1803-01-01,4.453268876611419
1803-02-01,4.453268876611419
1803-03-01,4.497801565377532
1803-04-01,4.542334254143646
1803-05-01,4.453268876611419
1803-06-01,4.542334254143646
1803-07-01,4.586866942909761
1803-08-01,4.609133287292818
1803-09-01,4.609133287292818
1803-10-01,4.609133287292818
1803-11-01,4.542334254143646
1803-12-01,4.564600598526703
1804-01-01,4.586866942909761
1804-02-01,4.586866942909761
1804-03-01,4.542334254143646
1804-04-01,4.609133287292818
1804-05-01,4.586866942909761
1804-06-01,4.542334254143646
1804-07-01,4.564600598526703
1804-08-01,4.542334254143646
1804-09-01,4.542334254143646
1804-10-01,4.542334254143646
1804-11-01,4.497801565377532
1804-12-01,4.453268876611419
1805-01-01,4.453268876611419
1805-02-01,4.408736187845304
1805-03-01,4.364203499079189
1805-04-01,4.386469843462247
1805-05-01,4.364203499079189
1805-06-01,4.230605432780847
1805-07-01,4.230605432780847
1805-08-01,4.230605432780847
1805-09-01,4.341937154696132
1805-10-01,4.364203499079189
1805-11-01,4.408736187845304
1805-12-01,4.364203499079189
1806-01-01,4.408736187845304
1806-02-01,4.408736187845304
1806-03-01,4.364203499079189
1806-04-01,4.408736187845304
1806-05-01,4.408736187845304
1806-06-01,4.453268876611419
1806-07-01,4.453268876611419
1806-08-01,4.453268876611419
1806-09-01,4.453268876611419
1806-10-01,4.453268876611419
1806-11-01,4.453268876611419
1806-12-01,4.453268876611419
1807-01-01,4.408736187845304
1807-02-01,4.408736187845304
1807-03-01,4.408736187845304
1807-04-01,4.408736187845304
1807-05-01,4.364203499079189
1807-06-01,4.364203499079189
1807-07-01,4.453268876611419
1807-08-01,4.453268876611419
1807-09-01,4.453268876611419
1807-10-01,4.453268876611419
1807-11-01,4.453268876611419
1807-12-01,4.453268876611419
1808-01-01,4.453268876611419
1808-02-01,4.453268876611419
1808-03-01,4.453268876611419
1808-04-01,4.542334254143646
1808-05-01,4.675932320441989
1808-06-01,4.675932320441989
1808-07-01,4.675932320441989
1808-08-01,4.675932320441989
1808-09-01,4.675932320441989
1808-10-01,4.675932320441989
1808-11-01,4.720465009208103
1808-12-01,4.809530386740331
1809-01-01,4.809530386740331
1809-02-01,4.809530386740331
1809-03-01,4.631399631675875
1809-04-01,4.497801565377532
1809-05-01,4.453268876611419
1809-06-01,4.453268876611419
1809-07-01,4.497801565377532
1809-08-01,4.497801565377532
1809-09-01,4.609133287292818
1809-10-01,4.609133287292818
1809-11-01,4.542334254143646
1809-12-01,4.453268876611419
1810-01-01,4.364203499079189
1810-02-01,4.319670810313076
1810-03-01,4.275138121546961
1810-04-01,4.275138121546961
1810-05-01,4.275138121546961
1810-06-01,4.275138121546961
1810-07-01,4.319670810313076
1810-08-01,4.364203499079189
1810-09-01,4.319670810313076
1810-10-01,4.275138121546961
1810-11-01,4.275138121546961
1810-12-01,4.230605432780847
1811-01-01,4.007941988950276
1811-02-01,4.007941988950276
1811-03-01,4.007941988950276
1811-04-01,3.8743439226519336
1811-05-01,3.8743439226519336
1811-06-01,3.8743439226519336
1811-07-01,3.8298112338858195
1811-08-01,3.696213167587477
1811-09-01,3.6071477900552487
1811-10-01,3.6071477900552487
1811-11-01,3.651680478821363
1811-12-01,3.740745856353591
1812-01-01,3.696213167587477
1812-02-01,3.696213167587477
1812-03-01,3.6071477900552487
1812-04-01,3.5180824125230203
1812-05-01,3.562615101289134
1812-06-01,3.562615101289134
1812-07-01,3.562615101289134
1812-08-01,3.562615101289134
1812-09-01,3.562615101289134
1812-10-01,3.696213167587477
1812-11-01,3.696213167587477
1812-12-01,3.651680478821363
1813-01-01,3.696213167587477
1813-02-01,3.651680478821363
1813-03-01,3.696213167587477
1813-04-01,3.7852785451197053
1813-05-01,3.740745856353591
1813-06-01,3.696213167587477
1813-07-01,3.696213167587477
1813-08-01,3.740745856353591
1813-09-01,3.740745856353591
1813-10-01,3.7852785451197053
1813-11-01,3.8298112338858195
1813-12-01,3.918876611418048
1814-01-01,4.007941988950276
1814-02-01,4.052474677716391
1814-03-01,4.097007366482504
1814-04-01,4.319670810313076
1814-05-01,4.319670810313076
1814-06-01,4.230605432780847
1814-07-01,4.097007366482504
1814-08-01,3.9634093001841624
1814-09-01,4.230605432780847
1814-10-01,4.453268876611419
1814-11-01,4.453268876611419
1814-12-01,4.631399631675875
1815-01-01,4.631399631675875
1815-02-01,4.542334254143646
1815-03-01,4.453268876611419
1815-04-01,4.586866942909761
1815-05-01,4.764997697974217
1815-06-01,4.89859576427256
1815-07-01,4.943128453038674
1815-08-01,5.033307147790055
1815-09-01,5.121259208103131
1815-10-01,5.299389963167587
1815-11-01,5.299389963167587
1815-12-01,5.254857274401473
1816-01-01,5.121259208103131
1816-02-01,5.165791896869245
1816-03-01,5.299389963167587
1816-04-01,5.321656307550644
1816-05-01,5.343922651933701
1816-06-01,5.455254373848987
1816-07-01,5.299389963167587
1816-08-01,5.21032458563536
1816-09-01,5.254857274401473
1816-10-01,5.21032458563536
1816-11-01,5.076726519337017
1816-12-01,4.89859576427256
1817-01-01,4.720465009208103
1817-02-01,4.653665976058932
1817-03-01,4.653665976058932
1817-04-01,4.631399631675875
1817-05-01,4.564600598526703
1817-06-01,4.542334254143646
1817-07-01,4.542334254143646
1817-08-01,4.542334254143646
1817-09-01,4.586866942909761
1817-10-01,4.586866942909761
1817-11-01,4.586866942909761
1817-12-01,4.586866942909761
1818-01-01,4.586866942909761
1818-02-01,4.586866942909761
1818-03-01,4.542334254143646
1818-04-01,4.52006790976059
1818-05-01,4.453268876611419
1818-06-01,4.497801565377532
1818-07-01,4.497801565377532
1818-08-01,4.475535220994476
1818-09-01,4.475535220994476
1818-10-01,4.497801565377532
1818-11-01,4.43100253222836
1818-12-01,4.408736187845304
1819-01-01,4.408736187845304
1819-02-01,4.453268876611419
1819-03-01,4.453268876611419
1819-04-01,4.497801565377532
1819-05-01,4.586866942909761
1819-06-01,4.497801565377532
1819-07-01,4.453268876611419
1819-08-01,4.497801565377532
1819-09-01,4.564600598526703
1819-10-01,4.564600598526703
1819-11-01,4.586866942909761
1819-12-01,4.564600598526703
1820-01-01,4.497801565377532
1820-02-01,4.497801565377532
1820-03-01,4.475535220994476
1820-04-01,4.453268876611419
1820-05-01,4.453268876611419
1820-06-01,4.453268876611419
1820-07-01,4.564600598526703
1820-08-01,4.542334254143646
1820-09-01,4.564600598526703
1820-10-01,4.564600598526703
1820-11-01,4.586866942909761
1820-12-01,4.586866942909761
1821-01-01,4.609133287292818
1821-02-01,4.653665976058932
1821-03-01,4.675932320441989
1821-04-01,4.7872640423572745
1821-05-01,4.831796731123389
1821-06-01,4.89859576427256
1821-07-01,4.876329419889503
1821-08-01,4.854063075506445
1821-09-01,4.854063075506445
1821-10-01,4.876329419889503
1821-11-01,4.9208621086556175
1821-12-01,4.9876611418047885
1822-01-01,4.9876611418047885
1822-02-01,5.0544601749539595
1822-03-01,5.0544601749539595
1822-04-01,5.0544601749539595
1822-05-01,4.943128453038674
1822-06-01,4.851409542110484
1822-07-01,4.868260479867623
1822-08-01,4.912719479683766
1822-09-01,4.957178479499908
1822-10-01,5.0016374793160505
1822-11-01,5.023866979224122
1822-12-01,5.0016374793160505
1823-01-01,5.0016374793160505
1823-02-01,4.934948979591836
1823-03-01,4.846030979959551
1823-04-01,4.712653980511123
1823-05-01,4.668194980694981
1823-06-01,4.712653980511123
1823-07-01,4.757112980327266
1823-08-01,4.801571980143408
1823-09-01,4.757112980327266
1823-10-01,4.801571980143408
1823-11-01,4.7793424802353375
1823-12-01,4.801571980143408
1824-01-01,4.815706806282723
1824-02-01,4.838001745200699
1824-03-01,4.860296684118674
1824-04-01,4.860296684118674
1824-05-01,4.860296684118674
1824-06-01,4.88259162303665
1824-07-01,4.88259162303665
1824-08-01,4.860296684118674
1824-09-01,4.860296684118674
1824-10-01,4.9048865619546245
1824-11-01,4.88259162303665
1824-12-01,4.88259162303665
1825-01-01,4.9048865619546245
1825-02-01,4.88259162303665
1825-03-01,4.88259162303665
1825-04-01,4.860296684118674
1825-05-01,4.771116928446772
1825-06-01,4.708124195624196
1825-07-01,4.730437580437581
1825-08-01,4.708124195624196
1825-09-01,4.81969111969112
1825-10-01,4.908944658944658
1825-11-01,4.890677615235993
1825-12-01,4.868345753979207
1826-01-01,4.82767955801105
1826-02-01,4.850029926335176
1826-03-01,4.850029926335176
1826-04-01,4.8723802946593
1826-05-01,4.8947306629834255
1826-06-01,4.890677615235993
1826-07-01,4.9130094764927765
1826-08-01,4.953571428571428
1826-09-01,4.998198198198199
1826-10-01,4.998198198198199
1826-11-01,4.975884813384814
1826-12-01,4.998198198198199
1827-01-01,4.975884813384814
1827-02-01,4.927181500872601
1827-03-01,4.927181500872601
1827-04-01,4.927181500872601
1827-05-01,4.927181500872601
1827-06-01,4.923111692364171
1827-07-01,4.9008351688693095
1827-08-01,4.923111692364171
1827-09-01,4.9453882158590305
1827-10-01,4.9453882158590305
1827-11-01,4.9453882158590305
1827-12-01,4.9453882158590305
1828-01-01,4.923111692364171
1828-02-01,4.923111692364171
1828-03-01,4.9453882158590305
1828-04-01,4.9453882158590305
1828-05-01,4.923111692364171
1828-06-01,4.9453882158590305
1828-07-01,4.923111692364171
1828-08-01,4.9008351688693095
1828-09-01,4.9453882158590305
1828-10-01,4.9453882158590305
1828-11-01,4.923111692364171
1828-12-01,4.88259162303665
1829-01-01,4.842004504504505
1829-02-01,4.860296684118674
1829-03-01,4.860296684118674
1829-04-01,4.81969111969112
1829-05-01,4.88259162303665
1829-06-01,4.860296684118674
1829-07-01,4.860296684118674
1829-08-01,4.87855864537445
1829-09-01,4.87855864537445
1829-10-01,4.87855864537445
1829-11-01,4.88969690712188
1829-12-01,4.88969690712188
1830-01-01,4.87855864537445
1830-02-01,4.839574729258444
1830-03-01,4.8153095041511875
1830-04-01,4.80974267235448
1830-05-01,4.763241632278772
1830-06-01,4.76880616689592
1830-07-01,4.724289889958735
1830-08-01,4.724289889958735
1830-09-01,4.724289889958735
1830-10-01,4.731807027200587
1830-11-01,4.767176027900148
1830-12-01,4.752750965250966
1831-01-01,4.75243136849837
1831-02-01,4.7448995044052875
1831-03-01,4.737674520069809
1831-04-01,4.776690663176265
1831-05-01,4.8866312741312745
1831-06-01,4.808534427284427
1831-07-01,4.903366312741313
1831-08-01,4.899312827225131
1831-09-01,4.916034031413613
1831-10-01,4.9479930823680816
1831-11-01,4.908944658944659
1831-12-01,4.897787966537966
1832-01-01,4.897787966537966
1832-02-01,4.904886561954625
1832-03-01,4.86943143735941
1832-04-01,4.891717164761511
1832-05-01,4.91957432401414
1832-06-01,4.863860005508883
1832-07-01,4.861851252753303
1832-08-01,4.8005908131424375
1832-09-01,4.811729074889868
1832-10-01,4.80974267235448
1832-11-01,4.80974267235448
1832-12-01,4.843143663134719
1833-01-01,4.798609008761066
1833-02-01,4.818886978450254
1833-03-01,4.816899262111006
1833-04-01,4.794650304780237
1833-05-01,4.813322443833106
1833-06-01,4.835580582301697
1833-07-01,4.817774071526823
1833-08-01,4.812765990371389
1833-09-01,4.8228673366373
1833-10-01,4.778314289647578
1833-11-01,4.759969458987784
1833-12-01,4.698658376963351
1834-01-01,4.559315008726004
1834-02-01,4.388475128487519
1834-03-01,4.38666345580478
1834-04-01,4.477581222466961
1834-05-01,4.624288435936282
1834-06-01,4.535145526327871
1834-07-01,4.579716981132076
1834-08-01,4.674431322591012
1834-09-01,4.763907657657658
1834-10-01,4.789817941649438
1834-11-01,4.778665862623479
1834-12-01,4.734057546519642
1835-01-01,4.7730898231104995
1835-02-01,4.780288527750999
1835-03-01,4.793411867364747
1835-04-01,4.851154376292214
1835-05-01,4.851154376292214
1835-06-01,4.8866312741312745
1835-07-01,4.875474581724582
1835-08-01,4.893739092495637
1835-09-01,4.862306455318173
1835-10-01,4.88461061337009
1835-11-01,4.895762692396048
1835-12-01,4.895762692396048
1836-01-01,4.840002297266253
1836-02-01,4.9069147714220085
1836-03-01,4.871444153577662
1836-04-01,4.802574255153101
1836-05-01,4.769145664049948
1836-06-01,4.775064350064351
1836-07-01,4.797377734877735
1836-08-01,4.801350170208851
1836-09-01,4.805329189686924
1836-10-01,4.838854742173114
1836-11-01,4.842868168832367
1836-12-01,4.898790434061377
1837-01-01,4.809314809694959
1837-02-01,4.909974887107179
1837-03-01,4.865237074923971
1837-04-01,4.988266058427795
1837-05-01,4.957673199006348
1837-06-01,5.04700064403349
1837-07-01,5.2703192566013435
1837-08-01,5.344055662805664
1837-09-01,5.395375218150088
1837-10-01,5.0832460732984295
1837-11-01,5.170288757287793
1837-12-01,5.0832460732984295
1838-01-01,4.899312827225132
1838-02-01,4.85628212187959
1838-03-01,4.789452551395008
1838-04-01,4.665005045640109
1838-05-01,4.752112563044475
1838-06-01,4.80974267235448
1838-07-01,4.8228673366373
1838-08-01,4.77634168157424
1838-09-01,4.86742038362702
1838-10-01,4.8952660379955955
1838-11-01,4.880574301060461
1838-12-01,4.904886561954625
1839-01-01,4.88461061337009
1839-02-01,4.862306455318173
1839-03-01,4.851154376292214
1839-04-01,4.88461061337009
1839-05-01,4.853161196911198
1839-06-01,4.889143070902395
1839-07-01,4.8820137544926725
1839-08-01,4.9028569452130615
1839-09-01,4.884524139204284
1839-10-01,4.929336287270378
1839-11-01,4.884524139204284
1839-12-01,4.884524139204284
1840-01-01,4.835694521306032
1840-02-01,4.848021077822265
1840-03-01,4.825679966864559
1840-04-01,4.814509411385705
1840-05-01,4.821685749758587
1840-06-01,4.803338855906852
1840-07-01,4.779018308952066
1840-08-01,4.779018308952066
1840-09-01,4.780997744949147
1840-10-01,4.838854742173114
1840-11-01,4.869275733259547
1840-12-01,4.867255566311714
1841-01-01,4.854052621878168
1841-02-01,4.82767955801105
1841-03-01,4.82767955801105
1841-04-01,4.779018308952066
1841-05-01,4.801350170208851
1841-06-01,4.838854742173114
1841-07-01,4.8460138927224214
1841-08-01,4.8460138927224214
1841-09-01,4.870362188779972
1841-10-01,4.905905847145488
1841-11-01,4.921159340152982
1841-12-01,4.883555478821363
1842-01-01,4.859191633301119
1842-02-01,4.83484796209403
1842-03-01,4.828850218240295
1842-04-01,4.750785665058581
1842-05-01,4.780288527750999
1842-06-01,4.815706806282723
1842-07-01,4.79143139145205
1842-08-01,4.733761242657857
1842-09-01,4.779935236130216
1842-10-01,4.8153095041511875
1842-11-01,4.729854424575883
1842-12-01,4.740983493810179
1843-01-01,4.696467216872995
1843-02-01,4.688967757459096
1843-03-01,4.714834157962251
1843-04-01,4.703714266080264
1843-05-01,4.770433617372183
1843-06-01,4.828023740776388
1843-07-01,4.839148219441772
1843-08-01,4.859392752428075
1843-09-01,4.859392752428075
1843-10-01,4.861397176772538
1843-11-01,4.81491318490013
1843-12-01,4.830016047684548
1844-01-01,4.828023740776388
1844-02-01,4.826033076782115
1844-03-01,4.848272860546089
1844-04-01,4.826033076782115
1844-05-01,4.8018134359115265
1844-06-01,4.837152968664102
1844-07-01,4.859392752428075
1844-08-01,4.868505289188076
1844-09-01,4.870512644310061
1844-10-01,4.8947706127686885
1844-11-01,4.898811981101785
1844-12-01,4.898811981101785
1845-01-01,4.896790463090326
1845-02-01,4.896790463090326
1845-03-01,4.887678317508372
1845-04-01,4.887678317508372
1845-05-01,4.876544653914959
1845-06-01,4.887678317508372
1845-07-01,4.898811981101785
1845-08-01,4.90083516886931
1845-09-01,4.8654109903215454
1845-10-01,4.88969690712188
1845-11-01,4.871444153577662
1845-12-01,4.83484796209403
1846-01-01,4.842004504504504
1846-02-01,4.850029926335175
1846-03-01,4.8460138927224214
1846-04-01,4.908944658944659
1846-05-01,4.908944658944659
1846-06-01,4.875474581724582
1846-07-01,4.851154376292214
1846-08-01,4.817698139214335
1846-09-01,4.88969690712188
1846-10-01,4.86742038362702
1846-11-01,4.724574209245742
1846-12-01,4.758002800348896
1847-01-01,4.70228848184364
1847-02-01,4.756686447695281
1847-03-01,4.723188655810102
1847-04-01,4.66735900266814
1847-05-01,4.7764620288248345
1847-06-01,4.8133070466703565
1847-07-01,4.7645769975117505
1847-08-01,4.7573383600811665
1847-09-01,4.802113309352519
1847-10-01,4.8885855506282345
1847-11-01,4.958170844939648
1847-12-01,4.936438157166575
1848-01-01,4.933298845817815
1848-02-01,4.916034031413613
1848-03-01,4.904886561954625
1848-04-01,4.904886561954625
1848-05-01,4.925145755864666
1848-06-01,4.925145755864666
1848-07-01,4.90083516886931
1848-08-01,4.87855864537445
1848-09-01,4.86742038362702
1848-10-01,4.85628212187959
1848-11-01,4.84314366313472
1848-12-01,4.841145116918845
1849-01-01,4.852274186153142
1849-02-01,4.841145116918845
1849-03-01,4.805774783445622
1849-04-01,4.740983493810179
1849-05-01,4.828023740776388
1849-06-01,4.872521655437922
1849-07-01,4.861397176772538
1849-08-01,4.8502726981071556
1849-09-01,4.8947706127686885
1849-10-01,4.896790463090326
1849-11-01,4.9170195700994554
1849-12-01,4.848272860546089
1850-01-01,4.81491318490013
1850-02-01,4.8502726981071556
1850-03-01,4.841145116918845
1850-04-01,4.839148219441772
1850-05-01,4.881632536192047
1850-06-01,4.892752428074034
1850-07-01,4.914992211838007
1850-08-01,4.914992211838007
1850-09-01,4.919048601558919
1850-10-01,4.919048601558919
1850-11-01,4.930177670793215
1850-12-01,4.885661393856029
1851-01-01,4.91957432401414
1851-02-01,4.88969690712188
1851-03-01,4.906404299743025
1851-04-01,4.917542561490456
1851-05-01,4.928680823237887
1851-06-01,4.91957432401414
1851-07-01,4.923111692364171
1851-08-01,4.91957432401414
1851-09-01,4.914002892163614
1851-10-01,4.91957432401414
1851-11-01,4.921079308288611
1851-12-01,4.921079308288611
1852-01-01,4.907919532324622
1852-02-01,4.90033285210138
1852-03-01,4.898312374015028
1852-04-01,4.881632536192047
1852-05-01,4.847313524169672
1852-06-01,4.907408870266062
1852-07-01,4.90185121582635
1852-08-01,4.90185121582635
1852-09-01,4.9185241791454875
1852-10-01,4.907408870266062
1852-11-01,4.885178252507213
1852-12-01,4.890735906946925
1853-01-01,4.907919532324622
1853-02-01,4.90033285210138
1853-03-01,4.898312374015028
1853-04-01,4.881632536192047
1853-05-01,4.847313524169672
1853-06-01,4.907408870266062
1853-07-01,4.90185121582635
1853-08-01,4.90185121582635
1853-09-01,4.9185241791454875
1853-10-01,4.907408870266062
1853-11-01,4.885178252507213
1853-12-01,4.890735906946925
1854-01-01,4.883555478821363
1854-02-01,4.875947466519397
1854-03-01,4.857179823350815
1854-04-01,4.857852555248619
1854-05-01,4.883555478821363
1854-06-01,4.889633752823491
1854-07-01,4.88557989037815
1854-08-01,4.883555478821363
1854-09-01,4.905905847145488
1854-10-01,4.909459132955958
1854-11-01,4.898288577477105
1854-12-01,4.8795116846076
1855-01-01,4.803338855906852
1855-02-01,4.872380294659301
1855-03-01,4.889143070902395
1855-04-01,4.903366312741314
1855-05-01,4.904886561954625
1855-06-01,4.9028600284625625
1855-07-01,4.88969690712188
1855-08-01,4.891717164761511
1855-09-01,4.897787966537966
1855-10-01,4.899797902808574
1855-11-01,4.866160846267554
1855-12-01,4.854948494087215
1856-01-01,4.866160846267554
1856-02-01,4.864138615690077
1856-03-01,4.892157847347278
1856-04-01,4.91457323267304
1856-05-01,4.918133250253854
1856-06-01,4.90387385521653
1856-07-01,4.910976226605968
1856-08-01,4.901843545864385
1856-09-01,4.901843545864385
1856-10-01,4.9110102549889145
1856-11-01,4.899797902808574
1856-12-01,4.884524139204284
1857-01-01,4.858081995941708
1857-02-01,4.869275733259547
1857-03-01,4.8468882586238715
1857-04-01,4.864138615690077
1857-05-01,4.895727176220808
1857-06-01,4.904729808283186
1857-07-01,4.887687059595496
1857-08-01,4.8981404181916695
1857-09-01,4.876421527969773
1857-10-01,8.923548375177818
1857-11-01,4.843461413522669
1857-12-01,4.915656617617072
1858-01-01,4.890029750405688
1858-02-01,4.863403255387437
1858-03-01,4.851313265781378
1858-04-01,4.851873756407084
1858-05-01,4.862279647435898
1858-06-01,4.8863066282938785
1858-07-01,4.8643667613209045
1858-08-01,4.879130429002601
1858-09-01,4.891468146978394
1858-10-01,4.895012906821549
1858-11-01,4.884371436062737
1858-12-01,4.862921645540837
1859-01-01,4.879210950235538
1859-02-01,4.871798220530982
1859-03-01,4.879210950235538
1859-04-01,4.888001179840328
1859-05-01,4.916801059693037
1859-06-01,4.896790463090326
1859-07-01,4.90808155977639
1859-08-01,4.913484066941771
1859-09-01,4.890499416867922
1859-10-01,4.901626833061022
1859-11-01,4.897275475241932
1859-12-01,4.891064462796278
1860-01-01,4.869771603749359
1860-02-01,4.852920290774314
1860-03-01,4.8655255487204965
1860-04-01,4.871653583903691
1860-05-01,4.883477158177437
1860-06-01,4.892938298404433
1860-07-01,4.90320404454348
1860-08-01,4.9087822061413675
1860-09-01,4.900852361998535
1860-10-01,4.885257042971917
1860-11-01,4.843639521073855
1860-12-01,4.648183236018201
1861-01-01,4.639753385341637
1861-02-01,4.756726826328264
1861-03-01,4.735550161812299
1861-04-01,4.850994765072979
1861-05-01,4.697080695546402
1861-06-01,4.73495088544549
1861-07-01,4.7543389431496825
1861-08-01,4.782700338994898
1861-09-01,4.780762587668796
1861-10-01,4.779182753473925
1861-11-01,4.77642055462592
1861-12-01,4.854998862268418
1862-01-01,5.0187960186687945
1862-02-01,5.080671693050367
1862-03-01,5.021246557136859
1862-04-01,5.006924122073579
1862-05-01,5.060333664516271
1862-06-01,5.241951179846002
1862-07-01,5.631030191994162
1862-08-01,5.6426006418431145
1862-09-01,5.871496585923671
1862-10-01,6.307059090409151
1862-11-01,6.465440520568915
1862-12-01,6.482468337004407
1863-01-01,7.204719724162776
1863-02-01,7.9911008236129355
1863-03-01,7.720431145431146
1863-04-01,7.377569775912372
1863-05-01,7.2792975567190235
1863-06-01,7.274163449163449
1863-07-01,6.637682808004486
1863-08-01,6.23628147710998
1863-09-01,6.58244851994852
1863-10-01,7.307633526383527
1863-11-01,7.293688587120961
1863-12-01,7.42660414562126
1864-01-01,7.637381014779729
1864-02-01,7.823028449707795
1864-03-01,8.041231747937566
1864-04-01,8.459136284241392
1864-05-01,8.53671968131974
1864-06-01,10.517554655399646
1864-07-01,12.206848138223267
1864-08-01,11.97328973677831
1864-09-01,10.68282372017605
1864-10-01,10.045540221383062
1864-11-01,11.405405955393746
1864-12-01,10.897114775913078
1865-01-01,10.540899927946057
1865-02-01,9.920388212740804
1865-03-01,8.440380733248707
1865-04-01,7.226697337190611
1865-05-01,6.607734186140209
1865-06-01,6.805674966675115
1865-07-01,6.879877049189735
1865-08-01,6.984298634572072
1865-09-01,7.0408216884520485
1865-10-01,7.121811312741019
1865-11-01,7.111696253374278
1865-12-01,7.158674147058824
1866-01-01,6.832390080335046
1866-02-01,6.714421486781677
1866-03-01,6.2960845831003045
1866-04-01,6.122862591954994
1866-05-01,6.483190824874861
1866-06-01,7.292521186509482
1866-07-01,7.411728847729987
1866-08-01,7.133539623786407
1866-09-01,6.959377299291284
1866-10-01,7.153395431454521
1866-11-01,7.004835235345421
1866-12-01,6.657876223291011
1867-01-01,6.540519857599002
1867-02-01,6.650325529146762
1867-03-01,6.5311601185987245
1867-04-01,6.6012716148341815
1867-05-01,6.696008723767692
1867-06-01,6.738291204546539
1867-07-01,6.823134325204883
1867-08-01,6.865121913698947
1867-09-01,6.979250475191177
1867-10-01,6.953347990181139
1867-11-01,6.78543086741513
1867-12-01,6.574633034865381
1868-01-01,6.761565855552962
1868-02-01,6.901892258006774
1868-03-01,6.805101456343033
1868-04-01,6.778535972718527
1868-05-01,6.835065054625129
1868-06-01,6.873693372391041
1868-07-01,6.988672024210087
1868-08-01,7.088653285259493
1868-09-01,6.961289864955189
1868-10-01,6.664464353642192
1868-11-01,6.544067495559504
1868-12-01,6.586976035404142
1869-01-01,6.62047114622439
1869-02-01,6.541272692233572
1869-03-01,6.346734809857074
1869-04-01,6.432895063685487
1869-05-01,6.797066531033645
1869-06-01,6.749274242076532
1869-07-01,6.663164790641535
1869-08-01,6.548225295100877
1869-09-01,6.556250611942927
1869-10-01,6.2948868721806575
1869-11-01,6.129438095710153
1869-12-01,5.883369350829833
1870-01-01,5.886709051587674
1870-02-01,5.7967935482679325
1870-03-01,5.434941021487165
1870-04-01,5.4861563928276444
1870-05-01,5.595984100258273
1870-06-01,5.520285419855806
1870-07-01,5.72381690140845
1870-08-01,5.7791407315825385
1870-09-01,5.597018796711304
1870-10-01,5.463499181635629
1870-11-01,5.410560642046142
1870-12-01,5.372862469713763
1871-01-01,5.384467693386991
1871-02-01,5.439283152084687
1871-03-01,5.427025645861094
1871-04-01,5.4143309626093
1871-05-01,5.47389650262054
1871-06-01,5.516987953725956
1871-07-01,5.513531327344541
1871-08-01,5.465772926386089
1871-09-01,5.536556991814117
1871-10-01,5.48730281910696
1871-11-01,5.404828633995431
1871-12-01,5.316871281728486
1872-01-01,5.319607475825404
1872-02-01,5.359373484298886
1872-03-01,5.312954975103661
1872-04-01,5.3522855756666905
1872-05-01,5.524140653455498
1872-06-01,5.54481621143195
1872-07-01,5.571115488920897
1872-08-01,5.529748726403574
1872-09-01,5.424324074316588
1872-10-01,5.412492362455073
1872-11-01,5.396376318060878
1872-12-01,5.460722430715936
1873-01-01,5.494841701646681
1873-02-01,5.561221755844296
1873-03-01,5.637292941662441
1873-04-01,5.756165896342708
1873-05-01,5.769910911442942
1873-06-01,5.730628273292426
1873-07-01,5.669930599629502
1873-08-01,5.612059709477176
1873-09-01,5.434477698491944
1873-10-01,5.2651852370600265
1873-11-01,5.293467880476077
1873-12-01,5.356565482891574
1874-01-01,5.400267409509118
1874-02-01,5.460517637910038
1874-03-01,5.452450673121432
1874-04-01,5.535234122742251
1874-05-01,5.5085563380281695
1874-06-01,5.446490523478118
1874-07-01,5.373823066682803
1874-08-01,5.368101454406198
1874-09-01,5.337620476124949
1874-10-01,5.355605533758019
1874-11-01,5.409674496042798
1874-12-01,5.461377647901026
1875-01-01,5.49785836871416
1875-02-01,5.555359862463647
1875-03-01,5.577086042494338
1875-04-01,5.59376914305231
1875-05-01,5.664103514204482
1875-06-01,5.72615424034207
1875-07-01,5.605139637904467
1875-08-01,5.528051071575765
1875-09-01,5.587881564558936
1875-10-01,5.584254377758456
1875-11-01,5.538539992348595
1875-12-01,5.534149930366717
1876-01-01,5.495890773540375
1876-02-01,5.534767416541718
1876-03-01,5.5821372240834
1876-04-01,5.516160834029548
1876-05-01,5.4987844685525955
1876-06-01,5.494252882639889
1876-07-01,5.467331952092587
1876-08-01,5.422995060373216
1876-09-01,5.330932375474721
1876-10-01,5.299441081727735
1876-11-01,5.25994129428496
1876-12-01,5.2118661186577535
1877-01-01,5.142758765524284
1877-02-01,5.103689753659407
1877-03-01,5.075208576076681
1877-04-01,5.165946274520578
1877-05-01,5.225051911041882
1877-06-01,5.151392617449665
1877-07-01,5.129340182435253
1877-08-01,5.087634999587788
1877-09-01,4.999712733047465
1877-10-01,4.970082184225042
1877-11-01,4.963213809408342
1877-12-01,4.970226756776118
1878-01-01,4.928654534032046
1878-02-01,4.930137306183448
1878-03-01,4.928342154463721
1878-04-01,4.907099271502774
1878-05-01,4.892188754661152
1878-06-01,4.894954095656955
1878-07-01,4.878998067914723
1878-08-01,4.882581342583652
1878-09-01,4.8682479128846605
1878-10-01,4.858159127335027
1878-11-01,4.84969545529847
1878-12-01,4.859228437941929
1879-01-01,4.862823133374472
1879-02-01,4.876222751293627
1879-03-01,4.875441372143659
1879-04-01,4.8717544149867935
1879-05-01,4.880568426369186
1879-06-01,4.879834048197006
1879-07-01,4.851095903942401
1879-08-01,4.824508611983227
1879-09-01,4.824429067571944
1879-10-01,4.824390644048809
1879-11-01,4.821208205015398
1879-12-01,4.836150275103164
1880-01-01,4.849615384615384
1880-02-01,4.8654347826086966
1880-03-01,4.885192307692308
1880-04-01,4.884615384615383
1880-05-01,4.8942
1880-06-01,4.888653846153846
1880-07-01,4.861153846153845
1880-08-01,4.845384615384616
1880-09-01,4.843461538461538
1880-10-01,4.844615384615383
1880-11-01,4.8339583333333325
1880-12-01,4.827884615384615
1881-01-01,4.841199999999999
1881-02-01,4.857826086956522
1881-03-01,4.833333333333332
1881-04-01,4.847599999999999
1881-05-01,4.871199999999999
1881-06-01,4.865
1881-07-01,4.861200000000002
1881-08-01,4.846111111111112
1881-09-01,4.845799999999998
1881-10-01,4.843653846153847
1881-11-01,4.8495833333333325
1881-12-01,4.848653846153845
1882-01-01,4.875
1882-02-01,4.903260869565219
1882-03-01,4.900740740740742
1882-04-01,4.902200000000002
1882-05-01,4.904400000000001
1882-06-01,4.89653846153846
1882-07-01,4.8892
1882-08-01,4.895925925925928
1882-09-01,4.88923076923077
1882-10-01,4.8657692307692315
1882-11-01,4.851666666666667
1882-12-01,4.851800000000001
1883-01-01,4.861923076923078
1883-02-01,4.866956521739129
1883-03-01,4.841851851851851
1883-04-01,4.860999999999999
1883-05-01,4.8769230769230765
1883-06-01,4.891153846153847
1883-07-01,4.882
1883-08-01,4.871296296296294
1883-09-01,4.860799999999999
1883-10-01,4.85074074074074
1883-11-01,4.854130434782611
1883-12-01,4.855100000000002
1884-01-01,4.87576923076923
1884-02-01,4.892291666666665
1884-03-01,4.904423076923077
1884-04-01,4.903846153846155
1884-05-01,4.882884615384616
1884-06-01,4.8662
1884-07-01,4.855576923076923
1884-08-01,4.851730769230769
1884-09-01,4.855
1884-10-01,4.846666666666666
1884-11-01,4.851739130434783
1884-12-01,4.854807692307691
1885-01-01,4.865769230769231
1885-02-01,4.874782608695653
1885-03-01,4.87076923076923
1885-04-01,4.884800000000001
1885-05-01,4.891999999999999
1885-06-01,4.872115384615385
1885-07-01,4.867115384615385
1885-08-01,4.8740000000000006
1885-09-01,4.8573076923076925
1885-10-01,4.862222222222222
1885-11-01,4.856956521739132
1885-12-01,4.88
1886-01-01,4.899800000000002
1886-02-01,4.8993478260869585
1886-03-01,4.897037037037037
1886-04-01,4.892980769230767
1886-05-01,4.898500000000001
1886-06-01,4.899230769230772
1886-07-01,4.885
1886-08-01,4.852211538461538
1886-09-01,4.853846153846154
1886-10-01,4.8492307692307675
1886-11-01,4.852083333333335
1886-12-01,4.8459615384615375
1887-01-01,4.880576923076923
1887-02-01,4.892222222222222
1887-03-01,4.8786538461538465
1887-04-01,4.886041666666667
1887-05-01,4.8825
1887-06-01,4.857708333333334
1887-07-01,4.854166666666668
1887-08-01,4.851538461538461
1887-09-01,4.851041666666667
1887-10-01,4.861923076923077
1887-11-01,4.8625
1887-12-01,4.867916666666665
1888-01-01,4.8741
1888-02-01,4.869479166666667
1888-03-01,4.883425925925928
1888-04-01,4.885100000000001
1888-05-01,4.895096153846155
1888-06-01,4.895769230769228
1888-07-01,4.8905
1888-08-01,4.88101851851852
1888-09-01,4.8871875
1888-10-01,4.8876851851851875
1888-11-01,4.8871875
1888-12-01,4.893099999999998
1889-01-01,4.893173076923075
1889-02-01,4.8925
1889-03-01,4.895
1889-04-01,4.896999999999997
1889-05-01,4.8975
1889-06-01,4.895099999999997
1889-07-01,4.886442307692308
1889-08-01,4.879722222222221
1889-09-01,4.887291666666669
1889-10-01,4.872870370370372
1889-11-01,4.858645833333334
1889-12-01,4.853700000000003
1890-01-01,4.8675
1890-02-01,4.875217391304347
1890-03-01,4.864230769230769
1890-04-01,4.88153846153846
1890-05-01,4.868269230769231
1890-06-01,4.880900000000001
1890-07-01,4.891899999999998
1890-08-01,4.881538461538462
1890-09-01,4.857200000000002
1890-10-01,4.867314814814813
1890-11-01,4.8675
1890-12-01,4.8508653846153855
1891-01-01,4.87355769230769
1891-02-01,4.88554347826087
1891-03-01,4.891153846153845
1891-04-01,4.8948076923076895
1891-05-01,4.8918
1891-06-01,4.890288461538462
1891-07-01,4.875576923076924
1891-08-01,4.866442307692307
1891-09-01,4.848700000000001
1891-10-01,4.84361111111111
1891-11-01,4.8466304347826075
1891-12-01,4.852000000000001
1892-01-01,4.861000000000001
1892-02-01,4.8847916666666675
1892-03-01,4.886388888888889
1892-04-01,4.888461538461538
1892-05-01,4.888800000000002
1892-06-01,4.891923076923076
1892-07-01,4.8929166666666655
1892-08-01,4.89
1892-09-01,4.884199999999998
1892-10-01,4.8715625
1892-11-01,4.877708333333333
1892-12-01,4.886634615384617
1893-01-01,4.887700000000001
1893-02-01,4.8888043478260865
1893-03-01,4.88423076923077
1893-04-01,4.8928125
1893-05-01,4.8975
1893-06-01,4.8739423076923085
1893-07-01,4.8492
1893-08-01,4.871296296296295
1893-09-01,4.87
1893-10-01,4.854615384615385
1893-11-01,4.8571875
1893-12-01,4.8781
1894-01-01,4.875673076923075
1894-02-01,4.8835869565217385
1894-03-01,4.893981481481479
1894-04-01,4.894099999999997
1894-05-01,4.8975
1894-06-01,4.897211538461535
1894-07-01,4.891899999999999
1894-08-01,4.8838888888888885
1894-09-01,4.8717708333333345
1894-10-01,4.883333333333334
1894-11-01,4.883645833333332
1894-12-01,4.8942999999999985
1895-01-01,4.898461538461541
1895-02-01,4.893913043478259
1895-03-01,4.900384615384617
1895-04-01,4.9025
1895-05-01,4.889038461538463
1895-06-01,4.900400000000001
1895-07-01,4.9058653846153835
1895-08-01,4.90824074074074
1895-09-01,4.9015625
1895-10-01,4.888055555555555
1895-11-01,4.8989583333333355
1895-12-01,4.9008
1896-01-01,4.89875
1896-02-01,4.889239130434784
1896-03-01,4.8894230769230775
1896-04-01,4.8959615384615365
1896-05-01,4.8975
1896-06-01,4.8921153846153835
1896-07-01,4.8915384615384605
1896-08-01,4.87923076923077
1896-09-01,4.849299999999998
1896-10-01,4.851666666666667
1896-11-01,4.864347826086957
1896-12-01,4.877599999999998
1897-01-01,4.880099999999998
1897-02-01,4.876704545454545
1897-03-01,4.881388888888886
1897-04-01,4.884600000000002
1897-05-01,4.882699999999997
1897-06-01,4.881057692307691
1897-07-01,4.88
1897-08-01,4.868846153846151
1897-09-01,4.8619
1897-10-01,4.855961538461539
1897-11-01,4.863645833333333
1897-12-01,4.863653846153846
1898-01-01,4.858200000000001
1898-02-01,4.861136363636363
1898-03-01,4.8505555555555535
1898-04-01,4.847115384615385
1898-05-01,4.865
1898-06-01,4.868942307692307
1898-07-01,4.8663541666666665
1898-08-01,4.8620370370370365
1898-09-01,4.8534
1898-10-01,4.854519230769229
1898-11-01,4.863645833333333
1898-12-01,4.857300000000001
1899-01-01,4.856200000000002
1899-02-01,4.864772727272729
1899-03-01,4.866634615384614
1899-04-01,4.874599999999999
1899-05-01,4.882403846153843
1899-06-01,4.887403846153848
1899-07-01,4.882395833333331
1899-08-01,4.8725
1899-09-01,4.868586956521738
1899-10-01,4.874423076923075
1899-11-01,4.871304347826088
1899-12-01,4.878461538461536
1900-01-01,4.88153846153846
1900-02-01,4.882272727272726
1900-03-01,4.87
1900-04-01,4.8821
1900-05-01,4.89048076923077
1900-06-01,4.88
1900-07-01,4.878099999999997
1900-08-01,4.885833333333335
1900-09-01,4.878541666666666
1900-10-01,4.853240740740741
1900-11-01,4.854400000000001
1900-12-01,4.858000000000001
1901-01-01,4.877980769230767
1901-02-01,4.88556818181818
1901-03-01,4.885288461538463
1901-04-01,4.890576923076923
1901-05-01,4.8894230769230775
1901-06-01,4.889200000000001
1901-07-01,4.882884615384612
1901-08-01,4.881759259259257
1901-09-01,4.863295454545454
1901-10-01,4.868425925925927
1901-11-01,4.881979166666668
1901-12-01,4.875800000000002
1902-01-01,4.879134615384614
1902-02-01,4.880795454545453
1902-03-01,4.8825
1902-04-01,4.885480769230771
1902-05-01,4.881899999999998
1902-06-01,4.8835
1902-07-01,4.8865000000000025
1902-08-01,4.882599999999997
1902-09-01,4.8686
1902-10-01,4.870925925925927
1902-11-01,4.878369565217391
1902-12-01,4.876730769230769
1903-01-01,4.87653846153846
1903-02-01,4.88056818181818
1903-03-01,4.877884615384614
1903-04-01,4.878173076923075
1903-05-01,4.885300000000001
1903-06-01,4.885384615384617
1903-07-01,4.877211538461539
1903-08-01,4.866153846153846
1903-09-01,4.870700000000001
1903-10-01,4.8664814814814825
1903-11-01,4.848369565217389
1903-12-01,4.8475
1904-01-01,4.85464
1904-02-01,4.859021739130435
1904-03-01,4.868981481481482
1904-04-01,4.873163461538462
1904-05-01,4.869569999999999
1904-06-01,4.873644230769231
1904-07-01,4.8732999999999995
1904-08-01,4.880046296296297
1904-09-01,4.86527
1904-10-01,4.858586538461538
1904-11-01,4.867312500000001
1904-12-01,4.8690500000000005
1905-01-01,4.876080000000001
1905-02-01,4.876079545454545
1905-03-01,4.863518518518519
1905-04-01,4.8624800000000015
1905-05-01,4.868509615384616
1905-06-01,4.870528846153846
1905-07-01,4.8670800000000005
1905-08-01,4.86575925925926
1905-09-01,4.854350000000001
1905-10-01,4.861519230769231
1905-11-01,4.862677083333333
1905-12-01,4.85785
1906-01-01,4.866865384615384
1906-02-01,4.867295454545454
1906-03-01,4.855518518518519
1906-04-01,4.846710000000001
1906-05-01,4.85033653846154
1906-06-01,4.854480769230769
1906-07-01,4.847300000000001
1906-08-01,4.846425925925927
1906-09-01,4.8352604166666655
1906-10-01,4.84836111111111
1906-11-01,4.857666666666667
1906-12-01,4.83664
1907-01-01,4.852019230769231
1907-02-01,4.845988095238095
1907-03-01,4.837884615384615
1907-04-01,4.855807692307692
1907-05-01,4.865461538461538
1907-06-01,4.870459999999999
1907-07-01,4.8692980769230765
1907-08-01,4.868925925925925
1907-09-01,4.857177083333333
1907-10-01,4.85361111111111
1907-11-01,4.8663645833333335
1907-12-01,4.855230000000001
1908-01-01,4.862307692307692
1908-02-01,4.865163043478261
1908-03-01,4.861923076923077
1908-04-01,4.869878846153846
1908-05-01,4.87121
1908-06-01,4.8695865384615376
1908-07-01,4.869403846153847
1908-08-01,4.863009615384615
1908-09-01,4.86385
1908-10-01,4.864444444444445
1908-11-01,4.860836956521739
1908-12-01,4.86854
1909-01-01,4.87302
1909-02-01,4.872681818181819
1909-03-01,4.879953703703704
1909-04-01,4.875932692307693
1909-05-01,4.87696875
1909-06-01,4.879125
1909-07-01,4.8745
1909-08-01,4.866403846153846
1909-09-01,4.862139999999999
1909-10-01,4.865099999999999
1909-11-01,4.873489583333333
1909-12-01,4.876538461538463
1910-01-01,4.865682000000001
1910-02-01,4.863681818181818
1910-03-01,4.871296296296297
1910-04-01,4.877259615384616
1910-05-01,4.87142
1910-06-01,4.8653365384615395
1910-07-01,4.85505
1910-08-01,4.86037037037037
1910-09-01,4.8627
1910-10-01,4.86301
1910-11-01,4.858505208333333
1910-12-01,4.854474999999999
1911-01-01,4.857799999999999
1911-02-01,4.863181818181818
1911-03-01,4.861972222222223
1911-04-01,4.863980000000001
1911-05-01,4.863846153846153
1911-06-01,4.859499999999999
1911-07-01,4.861940000000001
1911-08-01,4.860138888888889
1911-09-01,4.862464999999999
1911-10-01,4.865640000000001
1911-11-01,4.868364583333332
1911-12-01,4.862309999999999
1912-01-01,4.8704230769230765
1912-02-01,4.873173913043477
1912-03-01,4.872105769230769
1912-04-01,4.870442307692307
1912-05-01,4.869826923076923
1912-06-01,4.87245
1912-07-01,4.874711538461538
1912-08-01,4.871870370370372
1912-09-01,4.85796875
1912-10-01,4.857403846153846
1912-11-01,4.851281250000002
1912-12-01,4.8500200000000016
1913-01-01,4.870673076923078
1913-02-01,4.875045454545456
1913-03-01,4.873826923076924
1913-04-01,4.867701923076923
1913-05-01,4.864076923076923
1913-06-01,4.867420000000001
1913-07-01,4.867617307692307
1913-08-01,4.864192307692307
1913-09-01,4.856550000000001
1913-10-01,4.8550865384615385
1913-11-01,4.852576086956521
1913-12-01,4.852865384615386
1914-01-01,4.866
1914-02-01,4.86
1914-03-01,4.865
1914-04-01,4.872
1914-05-01,4.885
1914-06-01,4.889
1914-07-01,4.941
1914-08-01,5.285
1914-09-01,4.995
1914-10-01,4.954
1914-11-01,4.896
1914-12-01,4.875
1915-01-01,4.847
1915-02-01,4.824
1915-03-01,4.803
1915-04-01,4.797
1915-05-01,4.795
1915-06-01,4.78
1915-07-01,4.772
1915-08-01,4.7
1915-09-01,4.684
1915-10-01,4.679
1915-11-01,4.676
1915-12-01,4.727
1916-01-01,4.768
1916-02-01,4.767
1916-03-01,4.77
1916-04-01,4.77
1916-05-01,4.765
1916-06-01,4.765
1916-07-01,4.765
1916-08-01,4.765
1916-09-01,4.764
1916-10-01,4.764
1916-11-01,4.764
1916-12-01,4.764
1917-01-01,4.764
1917-02-01,4.764
1917-03-01,4.764
1917-04-01,4.765
1917-05-01,4.764
1917-06-01,4.764
1917-07-01,4.764
1917-08-01,4.764
1917-09-01,4.764
1917-10-01,4.764
1917-11-01,4.764
1917-12-01,4.764
1918-01-01,4.764
1918-02-01,4.764
1918-03-01,4.764
1918-04-01,4.765
1918-05-01,4.765
1918-06-01,4.764
1918-07-01,4.764
1918-08-01,4.766
1918-09-01,4.766
1918-10-01,4.766
1918-11-01,4.766
1918-12-01,4.765
1919-01-01,4.766
1919-02-01,4.765
1919-03-01,4.715
1919-04-01,4.662
1919-05-01,4.667
1919-06-01,4.621
1919-07-01,4.429
1919-08-01,4.272
1919-09-01,4.179
1919-10-01,4.184
1919-11-01,4.098
1919-12-01,3.812
1920-01-01,3.678
1920-02-01,3.381
1920-03-01,3.726
1920-04-01,3.931
1920-05-01,3.848
1920-06-01,3.95
1920-07-01,3.865
1920-08-01,3.622
1920-09-01,3.51
1920-10-01,3.475
1920-11-01,3.437
1920-12-01,3.492
1921-01-01,3.742
1921-02-01,3.876
1921-03-01,3.911
1921-04-01,3.929
1921-05-01,3.975
1921-06-01,3.781
1921-07-01,3.632
1921-08-01,3.654
1921-09-01,3.724
1921-10-01,3.873
1921-11-01,3.97
1921-12-01,4.156
1922-01-01,4.225
1922-02-01,4.362
1922-03-01,4.376
1922-04-01,4.413
1922-05-01,4.446
1922-06-01,4.452
1922-07-01,4.446
1922-08-01,4.465
1922-09-01,4.431
1922-10-01,4.438
1922-11-01,4.48
1922-12-01,4.61
1923-01-01,4.655
1923-02-01,4.691
1923-03-01,4.696
1923-04-01,4.655
1923-05-01,4.626
1923-06-01,4.615
1923-07-01,4.583
1923-08-01,4.56
1923-09-01,4.542
1923-10-01,4.524
1923-11-01,4.382
1923-12-01,4.36
1924-01-01,4.259
1924-02-01,4.308
1924-03-01,4.291
1924-04-01,4.351
1924-05-01,4.361
1924-06-01,4.32
1924-07-01,4.37
1924-08-01,4.499
1924-09-01,4.461
1924-10-01,4.487
1924-11-01,4.61
1924-12-01,4.695
1925-01-01,4.782
1925-02-01,4.772
1925-03-01,4.776
1925-04-01,4.795
1925-05-01,4.855
1925-06-01,4.86
1925-07-01,4.86
1925-08-01,4.857
1925-09-01,4.846
1925-10-01,4.843
1925-11-01,4.846
1925-12-01,4.85
1926-01-01,4.858
1926-02-01,4.863
1926-03-01,4.861
1926-04-01,4.862
1926-05-01,4.861
1926-06-01,4.869
1926-07-01,4.863
1926-08-01,4.859
1926-09-01,4.854
1926-10-01,4.85
1926-11-01,4.849
1926-12-01,4.851
1927-01-01,4.853
1927-02-01,4.85
1927-03-01,4.854
1927-04-01,4.857
1927-05-01,4.857
1927-06-01,4.856
1927-07-01,4.855
1927-08-01,4.86
1927-09-01,4.864
1927-10-01,4.87
1927-11-01,4.874
1927-12-01,4.883
1928-01-01,4.875
1928-02-01,4.875
1928-03-01,4.88
1928-04-01,4.882
1928-05-01,4.882
1928-06-01,4.88
1928-07-01,4.864
1928-08-01,4.854
1928-09-01,4.851
1928-10-01,4.85
1928-11-01,4.849
1928-12-01,4.852
1929-01-01,4.85
1929-02-01,4.852
1929-03-01,4.853
1929-04-01,4.853
1929-05-01,4.851
1929-06-01,4.848
1929-07-01,4.851
1929-08-01,4.849
1929-09-01,4.848
1929-10-01,4.87
1929-11-01,4.877
1929-12-01,4.882
1930-01-01,4.869
1930-02-01,4.862
1930-03-01,4.863
1930-04-01,4.863
1930-05-01,4.86
1930-06-01,4.859
1930-07-01,4.866
1930-08-01,4.871
1930-09-01,4.861
1930-10-01,4.859
1930-11-01,4.856
1930-12-01,4.857
1931-01-01,4.855
1931-02-01,4.858
1931-03-01,4.858
1931-04-01,4.86
1931-05-01,4.864
1931-06-01,4.865
1931-07-01,4.856
1931-08-01,4.858
1931-09-01,4.531
1931-10-01,3.889
1931-11-01,3.72
1931-12-01,3.374
1932-01-01,3.431
1932-02-01,3.456
1932-03-01,3.639
1932-04-01,3.75
1932-05-01,3.675
1932-06-01,3.647
1932-07-01,3.55
1932-08-01,3.476
1932-09-01,3.471
1932-10-01,3.396
1932-11-01,3.275
1932-12-01,3.279
1933-01-01,3.361
1933-02-01,3.422
1933-03-01,3.433
1933-04-01,3.579
1933-05-01,3.932
1933-06-01,4.136
1933-07-01,4.65
1933-08-01,4.503
1933-09-01,4.665
1933-10-01,4.668
1933-11-01,5.15
1933-12-01,5.116
1934-01-01,5.049
1934-02-01,5.033
1934-03-01,5.094
1934-04-01,5.153
1934-05-01,5.106
1934-06-01,5.048
1934-07-01,5.041
1934-08-01,5.065
1934-09-01,4.994
1934-10-01,4.941
1934-11-01,4.989
1934-12-01,4.946
1935-01-01,4.892
1935-02-01,4.873
1935-03-01,4.776
1935-04-01,4.837
1935-05-01,4.888
1935-06-01,4.935
1935-07-01,4.958
1935-08-01,4.97
1935-09-01,4.931
1935-10-01,4.908
1935-11-01,4.925
1935-12-01,4.929
1936-01-01,4.963
1936-02-01,5.0
1936-03-01,4.971
1936-04-01,4.943
1936-05-01,4.97
1936-06-01,5.019
1936-07-01,5.022
1936-08-01,5.026
1936-09-01,5.036
1936-10-01,4.898
1936-11-01,4.888
1936-12-01,4.908
1937-01-01,4.907
1937-02-01,4.894
1937-03-01,4.885
1937-04-01,4.916
1937-05-01,4.94
1937-06-01,4.936
1937-07-01,4.967
1937-08-01,4.982
1937-09-01,4.953
1937-10-01,4.955
1937-11-01,4.996
1937-12-01,4.996
1938-01-01,4.999
1938-02-01,5.018
1938-03-01,4.984
1938-04-01,4.981
1938-05-01,4.967
1938-06-01,4.958
1938-07-01,4.929
1938-08-01,4.881
1938-09-01,4.804
1938-10-01,4.768
1938-11-01,4.706
1938-12-01,4.67
1939-01-01,4.669
1939-02-01,4.686
1939-03-01,4.685
1939-04-01,4.681
1939-05-01,4.681
1939-06-01,4.682
1939-07-01,4.681
1939-08-01,4.611
1939-09-01,3.995
1939-10-01,4.011
1939-11-01,3.925
1939-12-01,3.93
1940-01-01,3.964
1940-02-01,3.963
1940-03-01,3.759
1940-04-01,3.526
1940-05-01,3.274
1940-06-01,3.602
1940-07-01,3.805
1940-08-01,3.979
1940-09-01,4.034
1940-10-01,4.033
1940-11-01,4.036
1940-12-01,4.035
1941-01-01,4.034
1941-02-01,4.03
1941-03-01,4.032
1941-04-01,4.025
1941-05-01,4.031
1941-06-01,4.032
1941-07-01,4.032
1941-08-01,4.032
1941-09-01,4.033
1941-10-01,4.033
1941-11-01,4.034
1941-12-01,4.035
1942-01-01,4.035
1942-02-01,4.035
1942-03-01,4.035
1942-04-01,4.035
1942-05-01,4.035
1942-06-01,4.035
1942-07-01,4.035
1942-08-01,4.035
1942-09-01,4.035
1942-10-01,4.035
1942-11-01,4.035
1942-12-01,4.035
1943-01-01,4.035
1943-02-01,4.035
1943-03-01,4.035
1943-04-01,4.035
1943-05-01,4.035
1943-06-01,4.035
1943-07-01,4.035
1943-08-01,4.035
1943-09-01,4.035
1943-10-01,4.035
1943-11-01,4.035
1943-12-01,4.035
1944-01-01,4.035
1944-02-01,4.035
1944-03-01,4.035
1944-04-01,4.035
1944-05-01,4.035
1944-06-01,4.035
1944-07-01,4.035
1944-08-01,4.035
1944-09-01,4.035
1944-10-01,4.035
1944-11-01,4.035
1944-12-01,4.035
1945-01-01,4.035
1945-02-01,4.035
1945-03-01,4.035
1945-04-01,4.035
1945-05-01,4.035
1945-06-01,4.035
1945-07-01,4.03
1945-08-01,4.027
1945-09-01,4.025
1945-10-01,4.032
1945-11-01,4.034
1945-12-01,4.034
1946-01-01,4.034
1946-02-01,4.034
1946-03-01,4.034
1946-04-01,4.034
1946-05-01,4.033
1946-06-01,4.034
1946-07-01,4.034
1946-08-01,4.034
1946-09-01,4.033
1946-10-01,4.032
1946-11-01,4.031
1946-12-01,4.029
1947-01-01,4.029
1947-02-01,4.027
1947-03-01,4.027
1947-04-01,4.027
1947-05-01,4.027
1947-06-01,4.027
1947-07-01,4.0027
1947-08-01,4.027
1947-09-01,4.03
1947-10-01,4.031
1947-11-01,4.03
1947-12-01,4.031
1948-01-01,4.031
1948-02-01,4.031
1948-03-01,4.031
1948-04-01,4.032
1948-05-01,4.031
1948-06-01,4.031
1948-07-01,4.031
1948-08-01,4.031
1948-09-01,4.031
1948-10-01,4.031
1948-11-01,4.031
1948-12-01,4.031
1949-01-01,4.031
1949-02-01,4.031
1949-03-01,4.031
1949-04-01,4.03
1949-05-01,4.03
1949-06-01,4.029
1949-07-01,4.03
1949-08-01,4.029
1949-09-01,3.444
1949-10-01,2.801
1949-11-01,2.801
1949-12-01,2.801
1950-01-01,2.801
1950-02-01,2.801
1950-03-01,2.801
1950-04-01,2.801
1950-05-01,2.801
1950-06-01,2.801
1950-07-01,2.801
1950-08-01,2.801
1950-09-01,2.801
1950-10-01,2.801
1950-11-01,2.801
1950-12-01,2.8
1951-01-01,2.8
1951-02-01,2.801
1951-03-01,2.801
1951-04-01,2.801
1951-05-01,2.801
1951-06-01,2.801
1951-07-01,2.801
1951-08-01,2.799
1951-09-01,2.799
1951-10-01,2.799
1951-11-01,2.8
1951-12-01,2.795
1952-01-01,2.781
1952-02-01,2.781
1952-03-01,2.797
1952-04-01,2.808
1952-05-01,2.801
1952-06-01,2.785
1952-07-01,2.788
1952-08-01,2.788
1952-09-01,2.783
1952-10-01,2.793
1952-11-01,2.8
1952-12-01,2.806
1953-01-01,2.813
1953-02-01,2.819
1953-03-01,2.816
1953-04-01,2.817
1953-05-01,2.814
1953-06-01,2.814
1953-07-01,2.815
1953-08-01,2.815
1953-09-01,2.803
1953-10-01,2.806
1953-11-01,2.811
1953-12-01,2.81
1954-01-01,2.811
1954-02-01,2.813
1954-03-01,2.815
1954-04-01,2.818
1954-05-01,2.819
1954-06-01,2.818
1954-07-01,2.818
1954-08-01,2.813
1954-09-01,2.801
1954-10-01,2.797
1954-11-01,2.794
1954-12-01,2.787
1955-01-01,2.785
1955-02-01,2.784
1955-03-01,2.791
1955-04-01,2.796
1955-05-01,2.796
1955-06-01,2.79
1955-07-01,2.785
1955-08-01,2.787
1955-09-01,2.786
1955-10-01,2.792
1955-11-01,2.801
1955-12-01,2.803
1956-01-01,2.807
1956-02-01,2.806
1956-03-01,2.805
1956-04-01,2.808
1956-05-01,2.808
1956-06-01,2.802
1956-07-01,2.793
1956-08-01,2.783
1956-09-01,2.783
1956-10-01,2.785
1956-11-01,2.782
1956-12-01,2.785
1957-01-01,2.796
1957-02-01,2.798
1957-03-01,2.793
1957-04-01,2.789
1957-05-01,2.791
1957-06-01,2.79
1957-07-01,2.788
1957-08-01,2.783
1957-09-01,2.785
1957-10-01,2.8
1957-11-01,2.803
1957-12-01,2.806
1958-01-01,2.813
1958-02-01,2.816
1958-03-01,2.815
1958-04-01,2.817
1958-05-01,2.816
1958-06-01,2.811
1958-07-01,2.804
1958-08-01,2.805
1958-09-01,2.803
1958-10-01,2.807
1958-11-01,2.806
1958-12-01,2.804
1959-01-01,2.806
1959-02-01,2.809
1959-03-01,2.813
1959-04-01,2.817
1959-05-01,2.815
1959-06-01,2.813
1959-07-01,2.812
1959-08-01,2.81
1959-09-01,2.804
1959-10-01,2.806
1959-11-01,2.803
1959-12-01,2.798
1960-01-01,2.8
1960-02-01,2.803
1960-03-01,2.806
1960-04-01,2.809
1960-05-01,2.806
1960-06-01,2.803
1960-07-01,2.808
1960-08-01,2.81
1960-09-01,2.813
1960-10-01,2.812
1960-11-01,2.814
1960-12-01,2.807
1961-01-01,2.806
1961-02-01,2.8
1961-03-01,2.798
1961-04-01,2.798
1961-05-01,2.794
1961-06-01,2.79
1961-07-01,2.787
1961-08-01,2.803
1961-09-01,2.812
1961-10-01,2.815
1961-11-01,2.815
1961-12-01,2.81
1962-01-01,2.811
1962-02-01,2.815
1962-03-01,2.815
1962-04-01,2.814
1962-05-01,2.812
1962-06-01,2.808
1962-07-01,2.807
1962-08-01,2.804
1962-09-01,2.801
1962-10-01,2.801
1962-11-01,2.802
1962-12-01,2.803
1963-01-01,2.805
1963-02-01,2.803
1963-03-01,2.801
1963-04-01,2.801
1963-05-01,2.8
1963-06-01,2.8
1963-07-01,2.801
1963-08-01,2.8
1963-09-01,2.798
1963-10-01,2.798
1963-11-01,2.798
1963-12-01,2.797
1964-01-01,2.798
1964-02-01,2.797
1964-03-01,2.798
1964-04-01,2.799
1964-05-01,2.799
1964-06-01,2.794
1964-07-01,2.79
1964-08-01,2.787
1964-09-01,2.783
1964-10-01,2.784
1964-11-01,2.785
1964-12-01,2.791
1965-01-01,2.791
1965-02-01,2.795
1965-03-01,2.792
1965-04-01,2.796
1965-05-01,2.797
1965-06-01,2.792
1965-07-01,2.791
1965-08-01,2.791
1965-09-01,2.797
1965-10-01,2.803
1965-11-01,2.804
1965-12-01,2.802
1966-01-01,2.804
1966-02-01,2.803
1966-03-01,2.795
1966-04-01,2.793
1966-05-01,2.792
1966-06-01,2.79
1966-07-01,2.789
1966-08-01,2.789
1966-09-01,2.789
1966-10-01,2.792
1966-11-01,2.791
1966-12-01,2.79
1967-01-01,2.791
1967-02-01,2.794
1967-03-01,2.796
1967-04-01,2.799
1967-05-01,2.797
1967-06-01,2.791
1967-07-01,2.787
1967-08-01,2.785
1967-09-01,2.784
1967-10-01,2.783
1967-11-01,2.662
1967-12-01,2.406
1968-01-01,2.409
1968-02-01,2.409
1968-03-01,2.4
1968-04-01,2.402
1968-05-01,2.389
1968-06-01,2.385
1968-07-01,2.39
1968-08-01,2.391
1968-09-01,2.387
1968-10-01,2.39
1968-11-01,2.386
1968-12-01,2.384
1969-01-01,2.387
1969-02-01,2.391
1969-03-01,2.392
1969-04-01,2.393
1969-05-01,2.387
1969-06-01,2.39
1969-07-01,2.39
1969-08-01,2.385
1969-09-01,2.384
1969-10-01,2.39
1969-11-01,2.396
1969-12-01,2.397
1970-01-01,2.4
1970-02-01,2.405
1970-03-01,2.406
1970-04-01,2.406
1970-05-01,2.404
1970-06-01,2.398
1970-07-01,2.391
1970-08-01,2.388
1970-09-01,2.385
1970-10-01,2.387
1970-11-01,2.39
1970-12-01,2.39
1971-01-01,2.4058
1971-02-01,2.4178
1971-03-01,2.4187
1971-04-01,2.4179
1971-05-01,2.4187
1971-06-01,2.4188
1971-07-01,2.4185
1971-08-01,2.4346
1971-09-01,2.4694
1971-10-01,2.4896
1971-11-01,2.4933
1971-12-01,2.5266
1972-01-01,2.5705
1972-02-01,2.6037
1972-03-01,2.6181
1972-04-01,2.6102
1972-05-01,2.6124
1972-06-01,2.5691
1972-07-01,2.4447
1972-08-01,2.4502
1972-09-01,2.441
1972-10-01,2.3948
1972-11-01,2.3515
1972-12-01,2.3449
1973-01-01,2.3563
1973-02-01,2.4272
1973-03-01,2.4724
1973-04-01,2.4837
1973-05-01,2.5306
1973-06-01,2.5762
1973-07-01,2.5375
1973-08-01,2.4757
1973-09-01,2.4183
1973-10-01,2.4292
1973-11-01,2.387
1973-12-01,2.3174
1974-01-01,2.224
1974-02-01,2.2749
1974-03-01,2.3406
1974-04-01,2.3886
1974-05-01,2.4137
1974-06-01,2.3902
1974-07-01,2.3896
1974-08-01,2.3456
1974-09-01,2.3165
1974-10-01,2.333
1974-11-01,2.3252
1974-12-01,2.3294
1975-01-01,2.3623
1975-02-01,2.3958
1975-03-01,2.418
1975-04-01,2.3707
1975-05-01,2.3205
1975-06-01,2.2803
1975-07-01,2.1845
1975-08-01,2.1143
1975-09-01,2.0834
1975-10-01,2.0568
1975-11-01,2.0484
1975-12-01,2.0221
1976-01-01,2.0286
1976-02-01,2.0262
1976-03-01,1.9428
1976-04-01,1.8463
1976-05-01,1.8079
1976-06-01,1.764
1976-07-01,1.785
1976-08-01,1.7828
1976-09-01,1.7272
1976-10-01,1.6377
1976-11-01,1.6381
1976-12-01,1.6784
1977-01-01,1.7124
1977-02-01,1.7103
1977-03-01,1.7174
1977-04-01,1.719
1977-05-01,1.7185
1977-06-01,1.7191
1977-07-01,1.7226
1977-08-01,1.7397
1977-09-01,1.7431
1977-10-01,1.7711
1977-11-01,1.8178
1977-12-01,1.8546
1978-01-01,1.9353
1978-02-01,1.9396
1978-03-01,1.9055
1978-04-01,1.8497
1978-05-01,1.8181
1978-06-01,1.8372
1978-07-01,1.8949
1978-08-01,1.9406
1978-09-01,1.9595
1978-10-01,2.0075
1978-11-01,1.9608
1978-12-01,1.9861
1979-01-01,2.0053
1979-02-01,2.0042
1979-03-01,2.0378
1979-04-01,2.0735
1979-05-01,2.0587
1979-06-01,2.1119
1979-07-01,2.2598
1979-08-01,2.2368
1979-09-01,2.1966
1979-10-01,2.1438
1979-11-01,2.1352
1979-12-01,2.2007
1980-01-01,2.2641
1980-02-01,2.2891
1980-03-01,2.2045
1980-04-01,2.2094
1980-05-01,2.302
1980-06-01,2.3359
1980-07-01,2.3732
1980-08-01,2.3704
1980-09-01,2.4012
1980-10-01,2.4165
1980-11-01,2.3941
1980-12-01,2.3459
1981-01-01,2.4029
1981-02-01,2.2941
1981-03-01,2.2319
1981-04-01,2.1753
1981-05-01,2.0884
1981-06-01,1.9738
1981-07-01,1.8737
1981-08-01,1.8203
1981-09-01,1.8146
1981-10-01,1.8407
1981-11-01,1.9025
1981-12-01,1.9033
1982-01-01,1.886
1982-02-01,1.847
1982-03-01,1.8053
1982-04-01,1.772
1982-05-01,1.8104
1982-06-01,1.7563
1982-07-01,1.7354
1982-08-01,1.725
1982-09-01,1.712
1982-10-01,1.6962
1982-11-01,1.6321
1982-12-01,1.616
1983-01-01,1.5756
1983-02-01,1.5329
1983-03-01,1.49
1983-04-01,1.5361
1983-05-01,1.5722
1983-06-01,1.548
1983-07-01,1.5273
1983-08-01,1.5026
1983-09-01,1.4986
1983-10-01,1.4969
1983-11-01,1.4766
1983-12-01,1.4338
1984-01-01,1.4076
1984-02-01,1.4417
1984-03-01,1.4557
1984-04-01,1.421
1984-05-01,1.3894
1984-06-01,1.377
1984-07-01,1.32
1984-08-01,1.3132
1984-09-01,1.2563
1984-10-01,1.2196
1984-11-01,1.2392
1984-12-01,1.1861
1985-01-01,1.1271
1985-02-01,1.0931
1985-03-01,1.1253
1985-04-01,1.2377
1985-05-01,1.2483
1985-06-01,1.2808
1985-07-01,1.3807
1985-08-01,1.3841
1985-09-01,1.3642
1985-10-01,1.4215
1985-11-01,1.4396
1985-12-01,1.4447
1986-01-01,1.4244
1986-02-01,1.4297
1986-03-01,1.4674
1986-04-01,1.4985
1986-05-01,1.5211
1986-06-01,1.5085
1986-07-01,1.5071
1986-08-01,1.4861
1986-09-01,1.4698
1986-10-01,1.4264
1986-11-01,1.4238
1986-12-01,1.4393
1987-01-01,1.5054
1987-02-01,1.528
1987-03-01,1.5923
1987-04-01,1.6313
1987-05-01,1.6666
1987-06-01,1.6288
1987-07-01,1.609
1987-08-01,1.5996
1987-09-01,1.6446
1987-10-01,1.662
1987-11-01,1.7754
1987-12-01,1.8288
1988-01-01,1.8009
1988-02-01,1.7582
1988-03-01,1.833
1988-04-01,1.8782
1988-05-01,1.8695
1988-06-01,1.7768
1988-07-01,1.7051
1988-08-01,1.6965
1988-09-01,1.684
1988-10-01,1.7388
1988-11-01,1.8085
1988-12-01,1.8258
1989-01-01,1.7737
1989-02-01,1.7534
1989-03-01,1.7134
1989-04-01,1.7008
1989-05-01,1.6307
1989-06-01,1.553
1989-07-01,1.6268
1989-08-01,1.5947
1989-09-01,1.5715
1989-10-01,1.5874
1989-11-01,1.5726
1989-12-01,1.5965
1990-01-01,1.6512
1990-02-01,1.6961
1990-03-01,1.6245
1990-04-01,1.6372
1990-05-01,1.6774
1990-06-01,1.7103
1990-07-01,1.8098
1990-08-01,1.9013
1990-09-01,1.8794
1990-10-01,1.9456
1990-11-01,1.9642
1990-12-01,1.9219
1991-01-01,1.9346
1991-02-01,1.9641
1991-03-01,1.8214
1991-04-01,1.7497
1991-05-01,1.7238
1991-06-01,1.6497
1991-07-01,1.6513
1991-08-01,1.6841
1991-09-01,1.7265
1991-10-01,1.7231
1991-11-01,1.7796
1991-12-01,1.8272
1992-01-01,1.809
1992-02-01,1.7778
1992-03-01,1.7238
1992-04-01,1.7566
1992-05-01,1.8095
1992-06-01,1.8551
1992-07-01,1.9177
1992-08-01,1.9434
1992-09-01,1.8465
1992-10-01,1.6529
1992-11-01,1.5268
1992-12-01,1.551
1993-01-01,1.5325
1993-02-01,1.4395
1993-03-01,1.4617
1993-04-01,1.5447
1993-05-01,1.5477
1993-06-01,1.5082
1993-07-01,1.4955
1993-08-01,1.4914
1993-09-01,1.5248
1993-10-01,1.5023
1993-11-01,1.4808
1993-12-01,1.4913
1994-01-01,1.4923
1994-02-01,1.4792
1994-03-01,1.4919
1994-04-01,1.4823
1994-05-01,1.5042
1994-06-01,1.5262
1994-07-01,1.5467
1994-08-01,1.5422
1994-09-01,1.5661
1994-10-01,1.6064
1994-11-01,1.5892
1994-12-01,1.5587
1995-01-01,1.5746
1995-02-01,1.572
1995-03-01,1.6002
1995-04-01,1.6073
1995-05-01,1.5874
1995-06-01,1.5948
1995-07-01,1.5952
1995-08-01,1.5668
1995-09-01,1.559
1995-10-01,1.5779
1995-11-01,1.5625
1995-12-01,1.5405
1996-01-01,1.5288
1996-02-01,1.536
1996-03-01,1.5271
1996-04-01,1.516
1996-05-01,1.5152
1996-06-01,1.5416
1996-07-01,1.553
1996-08-01,1.5499
1996-09-01,1.5593
1996-10-01,1.5863
1996-11-01,1.6623
1996-12-01,1.6639
1997-01-01,1.6585
1997-02-01,1.6256
1997-03-01,1.6096
1997-04-01,1.6293
1997-05-01,1.6322
1997-06-01,1.6449
1997-07-01,1.6694
1997-08-01,1.6035
1997-09-01,1.6013
1997-10-01,1.633
1997-11-01,1.6889
1997-12-01,1.6597
1998-01-01,1.635
1998-02-01,1.6408
1998-03-01,1.6619
1998-04-01,1.6723
1998-05-01,1.6382
1998-06-01,1.6504
1998-07-01,1.6437
1998-08-01,1.6342
1998-09-01,1.6823
1998-10-01,1.6944
1998-11-01,1.6611
1998-12-01,1.6708
1999-01-01,1.6498
1999-02-01,1.6276
1999-03-01,1.6213
1999-04-01,1.6089
1999-05-01,1.6154
1999-06-01,1.595
1999-07-01,1.5751
1999-08-01,1.6058
1999-09-01,1.6247
1999-10-01,1.6572
1999-11-01,1.6205
1999-12-01,1.6132
2000-01-01,1.6404
2000-02-01,1.6
2000-03-01,1.5799
2000-04-01,1.5823
2000-05-01,1.509
2000-06-01,1.5092
2000-07-01,1.5076
2000-08-01,1.4889
2000-09-01,1.4336
2000-10-01,1.4506
2000-11-01,1.4258
2000-12-01,1.4629
2001-01-01,1.4775
2001-02-01,1.4525
2001-03-01,1.4445
2001-04-01,1.4348
2001-05-01,1.4265
2001-06-01,1.402
2001-07-01,1.4148
2001-08-01,1.4372
2001-09-01,1.4638
2001-10-01,1.4501
2001-11-01,1.4356
2001-12-01,1.4413
2002-01-01,1.4322
2002-02-01,1.4227
2002-03-01,1.423
2002-04-01,1.4429
2002-05-01,1.4598
2002-06-01,1.4837
2002-07-01,1.5565
2002-08-01,1.5368
2002-09-01,1.5563
2002-10-01,1.5575
2002-11-01,1.5711
2002-12-01,1.5863
2003-01-01,1.6175
2003-02-01,1.6079
2003-03-01,1.5825
2003-04-01,1.5739
2003-05-01,1.6224
2003-06-01,1.6609
2003-07-01,1.6221
2003-08-01,1.5939
2003-09-01,1.6155
2003-10-01,1.6792
2003-11-01,1.6897
2003-12-01,1.7516
2004-01-01,1.8255
2004-02-01,1.8673
2004-03-01,1.8261
2004-04-01,1.8031
2004-05-01,1.786
2004-06-01,1.8279
2004-07-01,1.8438
2004-08-01,1.8203
2004-09-01,1.7937
2004-10-01,1.8077
2004-11-01,1.8607
2004-12-01,1.9286
2005-01-01,1.8797
2005-02-01,1.8871
2005-03-01,1.9043
2005-04-01,1.8961
2005-05-01,1.8559
2005-06-01,1.8177
2005-07-01,1.7507
2005-08-01,1.7944
2005-09-01,1.8064
2005-10-01,1.7651
2005-11-01,1.7349
2005-12-01,1.7458
2006-01-01,1.7686
2006-02-01,1.748
2006-03-01,1.7442
2006-04-01,1.768
2006-05-01,1.8687
2006-06-01,1.8435
2006-07-01,1.8443
2006-08-01,1.8941
2006-09-01,1.8839
2006-10-01,1.8765
2006-11-01,1.9125
2006-12-01,1.9629
2007-01-01,1.9587
2007-02-01,1.9581
2007-03-01,1.9471
2007-04-01,1.9909
2007-05-01,1.9836
2007-06-01,1.9864
2007-07-01,2.0338
2007-08-01,2.0111
2007-09-01,2.0185
2007-10-01,2.0446
2007-11-01,2.0701
2007-12-01,2.0185
2008-01-01,1.9698
2008-02-01,1.9638
2008-03-01,2.0032
2008-04-01,1.9817
2008-05-01,1.9641
2008-06-01,1.9658
2008-07-01,1.988
2008-08-01,1.8889
2008-09-01,1.7986
2008-10-01,1.69
2008-11-01,1.5338
2008-12-01,1.4859
2009-01-01,1.4452
2009-02-01,1.4411
2009-03-01,1.4174
2009-04-01,1.4715
2009-05-01,1.5429
2009-06-01,1.6366
2009-07-01,1.6366
2009-08-01,1.6539
2009-09-01,1.6328
2009-10-01,1.6199
2009-11-01,1.6597
2009-12-01,1.6239
2010-01-01,1.6162
2010-02-01,1.5615
2010-03-01,1.5053
2010-04-01,1.534
2010-05-01,1.4627
2010-06-01,1.4761
2010-07-01,1.5299
2010-08-01,1.566
2010-09-01,1.5578
2010-10-01,1.5862
2010-11-01,1.5961
2010-12-01,1.5603
2011-01-01,1.5795
2011-02-01,1.613
2011-03-01,1.6159
2011-04-01,1.6345
2011-05-01,1.6312
2011-06-01,1.6214
2011-07-01,1.6145
2011-08-01,1.6348
2011-09-01,1.5783
2011-10-01,1.576
2011-11-01,1.5804
2011-12-01,1.5585
2012-01-01,1.551
2012-02-01,1.5802
2012-03-01,1.5823
2012-04-01,1.6014
2012-05-01,1.5905
2012-06-01,1.5571
2012-07-01,1.5589
2012-08-01,1.5719
2012-09-01,1.6116
2012-10-01,1.6079
2012-11-01,1.5961
2012-12-01,1.6144
2013-01-01,1.5957
2013-02-01,1.5478
2013-03-01,1.5076
2013-04-01,1.5316
2013-05-01,1.5285
2013-06-01,1.5478
2013-07-01,1.5172
2013-08-01,1.5507
2013-09-01,1.5865
2013-10-01,1.6094
2013-11-01,1.6104
2013-12-01,1.6375
2014-01-01,1.647
2014-02-01,1.6567
2014-03-01,1.6622
2014-04-01,1.6743
2014-05-01,1.6844
2014-06-01,1.6906
2014-07-01,1.7069
2014-08-01,1.6709
2014-09-01,1.6305
2014-10-01,1.6068
2014-11-01,1.578
2014-12-01,1.564
2015-01-01,1.5143
2015-02-01,1.5334
2015-03-01,1.4957
2015-04-01,1.4967
2015-05-01,1.547
2015-06-01,1.5568
2015-07-01,1.556
2015-08-01,1.5583
2015-09-01,1.5326
2015-10-01,1.5339
2015-11-01,1.519
2015-12-01,1.4983
2016-01-01,1.4379
2016-02-01,1.4296
2016-03-01,1.425
2016-04-01,1.4312
2016-05-01,1.4518
2016-06-01,1.4209
2016-07-01,1.3141
2016-08-01,1.31
2016-09-01,1.3142
2016-10-01,1.2329
2016-11-01,1.2431
2016-12-01,1.2488
2017-01-01,1.2351
